-27.01,-5.25,-1.57
-36.65,-8.79,0.28
-40.35,-14.06,2.84
-34.84,-18.84,1.99
-18.98,-19.45,-2.97
2.43,-13.56,-8.92
22.98,-2.91,-12.78
28.91,6.27,-7.69
22.29,10.06,-0.71
14.53,10.09,2.55
6.26,8.59,2.80
-0.02,7.30,1.58
-1.78,7.07,1.13
-0.68,7.74,0.34
1.84,8.67,-0.57
3.79,9.23,-0.73
5.80,9.56,-0.29
7.69,9.25,-0.69
7.56,7.66,-2.04
5.61,5.38,-2.33
2.56,3.24,-1.79
0.22,1.27,-0.43
-0.71,-0.38,-0.12
-0.33,-2.72,-2.06
-1.62,-5.56,-2.38
-4.33,-8.77,-0.45
-9.75,-11.57,1.89
-20.82,-13.22,2.92
-32.33,-12.59,1.29
-35.52,-10.47,-1.11
-30.83,-8.00,-2.93
-22.71,-5.83,-3.24
-14.17,-3.74,-2.21
-8.24,-2.06,-1.13
-6.13,-1.06,-0.09
-6.13,-0.59,0.23
-7.34,-0.57,0.02
-9.73,-0.77,-0.61
-11.30,-0.96,-1.62
-11.74,-1.16,-2.64
-27.22,-6.77,-6.90
-44.92,-13.16,-7.43
-60.21,-22.05,-2.56
-52.36,-30.39,-1.01
-26.23,-32.10,-8.57
5.62,-22.99,-9.87
34.40,-7.78,-10.81
51.14,8.97,-3.67
48.11,14.00,2.50
28.37,9.70,2.70
8.69,4.30,1.34
-2.53,2.07,0.13
-3.74,2.95,-0.29
-0.91,5.55,-0.92
1.06,7.78,-0.23
0.27,9.00,1.22
-0.90,9.30,2.77
0.31,9.35,3.58
2.80,8.95,3.34
5.22,7.91,2.18
6.96,6.64,0.35
8.47,4.28,-1.85
7.84,1.10,-3.89
7.25,-3.01,-5.94
3.57,-7.86,-6.68
-3.34,-13.08,-4.87
-16.28,-16.72,-3.08
-33.61,-16.20,-1.23
-44.22,-13.62,-1.08
-40.40,-10.37,-2.92
-28.06,-7.04,-3.86
-14.68,-3.95,-3.80
-5.98,-1.51,-1.81
-3.79,-0.19,0.20
-5.46,0.15,0.74
-7.84,-0.25,0.56
-9.70,-0.73,-0.68
-10.67,-1.04,-1.98
-10.46,-1.17,-2.89
-9.34,-1.09,-3.08
-30.89,-8.59,-1.67
-44.60,-13.39,-3.45
-49.73,-19.46,-4.85
-37.82,-24.30,-6.34
-15.87,-22.38,-6.30
15.55,-12.89,-0.60
32.43,1.02,3.66
36.47,9.89,1.11
29.13,11.65,-7.36
14.35,8.50,-9.88
3.62,5.93,-7.71
-1.30,5.32,-3.10
-0.21,5.86,-0.20
-1.90,6.79,1.16
-3.46,7.72,1.60
-4.09,8.41,2.30
-4.06,8.69,2.67
-3.61,8.46,2.20
-3.72,7.87,0.03
-2.60,7.62,-2.55
-0.05,7.36,-3.62
3.61,7.46,-2.76
9.66,7.57,-0.64
14.42,5.68,1.82
14.43,1.22,2.13
9.15,-5.93,0.57
-2.51,-14.18,-0.25
-25.14,-18.69,-1.34
-46.74,-16.13,-1.54
-47.06,-11.23,-2.15
-30.88,-6.65,0.65
-15.99,-2.52,1.80
-5.05,0.24,1.03
-2.12,1.17,0.28
-4.75,0.70,-0.27
-8.65,-0.25,-0.96
-12.32,-1.06,-1.83
-13.96,-1.35,-2.18
-12.72,-1.16,-1.53
-10.04,-0.74,-1.25
-34.70,-9.12,-0.51
-51.53,-15.79,-3.28
-56.23,-23.59,-7.42
-35.22,-27.48,-4.38
-2.97,-20.35,-2.01
22.54,-5.90,1.04
35.68,5.42,4.70
33.64,10.12,0.69
25.99,9.40,-2.10
14.26,6.28,-1.05
5.79,4.62,0.45
3.71,4.93,-0.30
5.11,6.18,-1.07
5.97,7.46,-1.08
4.72,8.01,-0.25
4.19,7.88,0.60
5.11,6.83,0.91
6.81,4.65,-0.22
8.14,1.70,-2.68
7.04,-2.83,-4.30
1.90,-8.48,-3.31
-7.93,-13.86,-0.33
-22.19,-16.20,1.60
-38.23,-16.06,1.09
-48.03,-12.46,-0.41
-38.71,-8.85,0.43
-23.09,-4.96,2.41
-10.67,-1.55,2.18
-4.24,0.41,0.53
-3.20,1.22,-0.34
-5.27,1.06,-0.93
-8.79,0.34,-1.84
-11.97,-0.29,-2.29
-11.75,-0.46,-2.24
-10.09,-0.40,-1.72
-7.88,-0.15,-1.27
-6.05,0.12,-1.06
-5.53,0.10,-1.07
-6.24,-0.18,-1.17
-7.82,-0.60,-1.27
-29.62,-7.45,-4.17
-51.75,-13.96,-10.08
-58.09,-21.11,-9.19
-29.87,-23.21,3.73
0.47,-16.92,9.31
29.44,-3.64,14.13
41.11,7.75,8.82
36.61,11.37,-2.72
21.18,9.59,-11.70
9.78,7.61,-6.46
4.21,6.81,-0.78
-0.08,6.58,1.50
-3.18,6.85,1.23
-3.27,7.08,1.00
-4.47,6.39,0.21
-7.10,5.42,-1.51
-8.90,4.89,-3.13
-5.97,4.90,-3.43
-2.27,4.69,-1.82
0.50,3.79,0.67
-0.95,1.62,2.54
-5.64,-0.69,2.99
-8.12,-1.85,1.41
-7.32,-2.38,-1.50
-7.56,-3.66,-4.87
-12.08,-5.39,-6.04
-21.64,-6.23,-4.61
-28.39,-6.22,-1.56
-26.27,-5.05,0.02
-20.42,-3.65,0.45
-14.56,-2.21,-0.19
-9.67,-0.96,-1.34
-6.69,-0.05,-2.50
-5.83,0.29,-3.14
-7.07,0.06,-2.72
-8.98,-0.44,-1.09
-10.23,-0.87,0.21
-10.65,-1.02,0.03
-9.81,-0.88,-0.71
-8.75,-0.66,-1.57
-30.78,-7.30,-6.76
-47.70,-12.14,-11.20
-57.16,-19.58,-11.94
-41.11,-24.69,-6.16
-9.59,-23.67,2.35
17.38,-12.39,1.76
47.94,5.25,-5.76
49.10,14.01,-9.92
18.35,7.23,-8.12
0.51,2.39,-6.29
-1.99,2.19,-1.98
2.96,4.48,2.42
6.23,6.32,4.40
3.94,6.77,3.53
-0.78,6.48,2.34
-2.88,6.48,1.65
-2.29,6.31,0.63
-0.12,5.59,-1.24
2.06,4.58,-3.65
3.49,1.98,-5.83
1.90,-1.65,-6.44
-1.62,-5.05,-5.19
-8.73,-7.31,-6.43
-17.41,-8.22,-6.15
-24.84,-8.19,-4.57
-27.78,-6.97,-1.49
-27.08,-5.40,1.13
-23.14,-3.70,-0.26
-16.88,-2.33,-1.51
-11.30,-1.56,-1.51
-7.73,-0.92,-2.16
-5.28,-0.51,-3.08
-5.97,-0.51,-3.27
-8.02,-0.79,-3.25
-9.73,-1.27,-3.65
-11.53,-1.75,-4.00
-12.67,-1.97,-3.70
-12.31,-1.90,-2.92
-11.00,-1.78,-2.52
-9.18,-1.59,-2.20
-25.92,-7.02,2.53
-46.29,-12.41,2.83
-60.72,-22.61,-5.97
-54.44,-32.15,-15.85
-27.68,-33.78,-15.54
1.46,-24.27,-8.20
13.54,-9.31,-10.00
32.96,0.91,-7.19
50.25,8.77,-1.82
35.90,9.29,-3.63
18.27,5.17,-3.90
11.53,2.96,-1.67
9.85,2.79,1.53
12.08,4.24,3.55
15.37,6.29,3.93
18.74,7.73,4.96
20.57,6.62,6.28
20.53,1.98,5.70
15.89,-6.46,-0.29
6.56,-15.93,-8.97
-10.64,-22.98,-15.06
-29.73,-25.40,-12.82
-46.11,-23.80,-3.60
-54.91,-17.27,3.91
-43.53,-10.52,3.86
-21.44,-4.89,2.33
-5.85,-1.01,0.83
-1.76,0.62,-0.66
-6.20,0.42,-1.53
-10.83,-0.12,-2.77
-12.15,-0.36,-4.12
-11.28,-0.39,-3.88
-10.04,-0.37,-2.10
-9.00,-0.43,-0.87
-8.25,-0.67,-0.43
-7.91,-0.92,-1.03
-8.18,-1.17,-2.09
-8.75,-1.47,-2.91
-9.71,-1.76,-3.26
-10.24,-1.90,-2.97
-23.63,-5.91,-5.87
-42.43,-12.64,-9.61
-58.65,-20.47,-10.37
-53.02,-30.27,-2.53
-28.14,-31.51,2.09
7.97,-23.82,8.46
34.51,-6.75,8.07
40.27,5.47,0.17
36.68,9.86,-7.27
22.06,8.38,-10.46
12.16,6.18,-5.95
10.43,5.36,0.36
11.62,6.11,3.87
12.23,7.49,3.76
12.25,8.46,4.19
13.03,8.27,6.08
15.33,6.19,7.66
14.84,0.70,7.68
10.67,-5.62,3.01
7.63,-12.65,-2.70
-0.24,-21.53,-7.81
-21.64,-27.79,-9.47
-48.41,-24.71,-8.95
-60.52,-18.60,-3.29
-45.64,-12.32,1.05
-22.61,-6.44,1.39
-4.48,-1.42,-0.42
1.86,1.47,-1.59
-1.16,1.66,-1.99
-7.43,0.90,-2.55
-10.59,0.34,-3.04
-10.95,-0.03,-2.37
-10.34,-0.29,-1.60
-9.46,-0.52,-1.13
-8.62,-0.67,-1.43
-7.90,-0.68,-2.10
-7.77,-0.69,-1.55
-9.02,-0.96,-1.05
-11.10,-1.44,-1.70
-12.06,-1.63,-2.39
-28.57,-7.90,-3.46
-53.75,-15.70,-5.45
-64.25,-26.27,-6.13
-45.57,-33.68,-2.80
-17.51,-29.31,-2.35
17.71,-18.23,1.49
41.47,-1.30,5.90
36.80,7.28,2.65
27.27,8.59,-5.60
20.32,7.86,-9.57
13.08,6.04,-6.92
8.87,5.61,-1.57
7.64,6.10,2.98
6.03,6.96,5.43
3.66,7.59,5.58
1.30,7.92,4.30
0.62,8.03,3.34
2.05,7.67,2.95
5.09,6.93,1.78
8.29,5.45,0.47
10.40,3.02,-1.06
10.68,-0.85,-1.79
7.38,-5.99,-1.82
1.63,-12.34,-5.09
-11.79,-18.50,-9.77
-34.68,-18.88,-11.50
-47.87,-15.74,-10.49
-42.61,-11.05,-6.38
-26.83,-6.23,-1.08
-13.18,-2.35,0.84
-6.63,-0.37,0.97
-5.53,0.08,0.13
-7.16,-0.19,-1.18
-10.10,-0.54,-2.57
-12.38,-0.75,-3.26
-13.06,-0.82,-2.45
-11.92,-0.68,-1.29
-9.86,-0.45,-0.59
-7.46,-0.17,-0.83
-5.93,-0.04,-1.51
-23.30,-5.46,-6.27
-26.90,-6.86,-6.86
-28.37,-8.86,-5.26
-26.62,-10.27,-1.41
-21.03,-10.75,0.80
-12.08,-9.14,2.37
-4.84,-6.48,2.32
-1.32,-3.76,1.44
2.02,-1.12,0.40
4.84,1.61,-0.11
7.08,3.51,-0.72
11.52,5.42,-1.98
15.21,6.90,-1.83
13.38,7.76,-2.65
12.14,7.91,-1.94
10.33,7.66,-0.44
7.09,7.40,0.94
5.45,7.49,2.31
5.52,7.88,2.50
6.68,8.55,2.16
8.49,9.15,1.86
11.19,8.88,2.05
12.56,7.09,1.65
11.43,3.74,-1.37
9.23,-1.71,-3.66
4.68,-8.21,-4.67
-3.86,-14.65,-4.70
-16.57,-18.48,-2.12
-32.07,-18.28,0.31
-43.85,-13.74,-0.03
-39.34,-9.55,0.19
-26.52,-5.41,2.19
-14.12,-2.20,2.29
-6.46,-0.81,0.63
-6.45,-0.66,-0.19
-8.53,-0.89,-0.91
-10.42,-1.07,-1.78
-11.26,-1.10,-1.68
-10.82,-0.87,-1.48
-9.37,-0.61,-1.51
-31.50,-9.58,-1.08
-56.29,-16.90,-1.12
-64.72,-27.76,2.38
-45.81,-35.17,3.67
-21.60,-35.29,-3.04
8.67,-25.19,-5.13
37.70,-8.41,-5.57
43.97,5.48,-9.30
34.78,9.47,-6.31
24.31,8.05,-4.89
12.63,5.97,-2.56
5.07,4.42,1.54
3.62,4.99,4.55
6.33,6.57,5.88
8.03,8.28,5.05
7.95,9.02,3.81
6.78,8.69,3.03
6.23,7.73,3.09
7.43,6.41,3.06
8.92,4.17,1.70
8.90,1.15,-1.41
10.15,-3.07,-2.26
8.18,-10.07,-3.66
-1.17,-17.37,-5.83
-19.54,-22.57,-3.62
-41.55,-21.22,-3.20
-48.94,-15.63,-3.93
-41.78,-11.55,-1.28
-26.85,-7.22,2.15
-13.40,-3.59,1.59
-7.42,-1.52,-0.44
-7.20,-0.75,-0.90
-9.07,-0.55,-1.34
-10.27,-0.15,-1.49
-9.39,0.23,-1.80
-8.46,0.40,-1.59
-7.84,0.31,-1.52
-7.64,-0.01,-1.97
-7.69,-0.39,-2.20
-7.88,-0.70,-1.84
-26.87,-6.82,-6.09
-44.72,-13.94,-9.88
-56.12,-21.51,-7.52
-50.92,-30.13,-0.46
-28.66,-33.62,-1.63
6.09,-27.62,-3.95
36.68,-10.29,4.80
43.22,4.97,6.33
39.81,11.19,-2.39
23.31,9.71,-8.78
6.46,6.41,-8.33
2.92,5.51,-1.51
5.89,6.59,3.35
8.04,7.71,4.56
8.33,8.51,3.66
8.20,8.72,2.10
8.32,8.25,1.30
7.76,6.66,1.81
7.49,4.65,1.65
5.59,1.36,-0.56
2.72,-2.15,-3.85
-0.53,-6.22,-8.17
-4.75,-10.12,-10.27
-11.14,-13.16,-10.45
-20.73,-14.17,-6.35
-29.14,-12.21,-2.27
-32.46,-9.73,-1.43
-31.44,-7.38,-0.72
-25.09,-5.20,0.25
-16.64,-3.42,-0.75
-11.06,-2.23,-1.27
-9.31,-1.64,-2.05
-9.70,-1.27,-2.64
-9.79,-1.05,-2.04
-9.65,-0.89,-2.05
-9.64,-0.74,-2.72
-8.98,-0.78,-3.21
-8.38,-0.77,-3.07
-7.92,-0.68,-2.40
-8.09,-0.76,-1.57
-21.68,-5.77,-10.35
-33.40,-9.96,-18.76
-43.02,-16.11,-19.90
-43.68,-20.64,-6.63
-34.83,-24.00,7.86
-15.51,-21.54,13.32
15.11,-12.38,13.85
35.65,0.43,1.55
48.12,10.56,-7.52
33.99,10.12,-10.93
14.04,4.11,-7.23
0.73,0.96,-0.64
-5.61,1.72,4.12
-5.09,3.81,6.54
-3.13,5.88,5.16
-2.96,6.95,3.43
-2.45,7.35,2.29
0.00,7.41,1.48
3.91,6.99,1.30
6.84,5.89,2.72
10.30,4.05,2.55
9.39,0.33,-0.33
6.24,-4.19,-4.84
0.46,-8.67,-12.50
-8.03,-11.70,-15.38
-19.38,-13.49,-12.50
-31.93,-12.83,-6.44
-40.13,-9.80,-4.11
-36.67,-7.49,-2.72
-26.38,-5.07,-1.13
-14.43,-2.87,-0.68
-5.76,-1.07,-1.00
-2.79,-0.01,-2.35
-4.54,0.03,-3.04
-7.30,-0.57,-3.91
-10.24,-1.23,-5.11
-11.49,-1.63,-5.21
-10.76,-1.70,-4.06
-9.70,-1.58,-2.49
-8.57,-1.42,-1.43
-27.70,-8.32,-8.94
-57.95,-17.99,-19.87
-68.76,-29.76,-9.93
-49.23,-35.54,2.39
-10.18,-31.00,5.18
22.59,-15.73,5.96
48.94,0.48,-5.63
52.14,9.45,-11.91
24.27,6.48,-11.80
6.80,2.44,-3.82
5.39,3.98,0.99
11.60,5.87,3.93
14.55,7.58,4.90
14.18,7.97,3.12
14.86,7.13,1.22
14.68,4.92,-2.13
14.56,1.08,-2.32
12.99,-5.94,-4.61
-0.58,-14.69,-9.04
-18.50,-17.74,-13.28
-28.23,-17.00,-8.88
-35.36,-15.06,-2.98
-35.92,-11.85,3.16
-29.22,-7.75,3.42
-18.12,-4.85,0.28
-11.96,-3.52,-2.65
-10.16,-3.03,-3.20
-11.00,-2.83,-1.72
-11.80,-2.47,-0.09
-11.30,-2.01,0.10
-10.18,-1.72,-0.63
-9.26,-1.82,-2.46
-8.89,-2.16,-3.60
-9.17,-2.55,-3.84
-9.30,-2.66,-3.20
-9.58,-2.65,-2.30
-9.65,-2.50,-1.87
-9.76,-2.42,-2.02
-10.21,-2.44,-2.20
-10.12,-2.35,-2.49
-25.25,-7.18,-7.28
-47.55,-15.22,-12.18
-62.51,-25.68,-11.99
-48.24,-33.54,-5.83
-21.80,-32.30,-5.74
4.91,-24.37,-0.63
15.92,-10.71,-7.69
31.40,-1.68,-5.89
40.63,6.90,-0.26
34.61,8.20,0.88
19.30,6.72,1.12
9.70,5.61,1.70
8.97,5.88,3.17
13.33,6.91,4.79
17.08,7.54,5.24
18.72,7.06,5.38
18.99,5.04,5.79
19.50,1.11,5.50
15.64,-5.93,-0.58
8.75,-14.40,-8.44
-3.68,-22.24,-12.93
-25.37,-26.00,-14.53
-40.56,-23.50,-9.90
-47.37,-19.09,-3.51
-46.48,-13.50,-0.33
-30.35,-8.71,0.89
-13.25,-4.36,1.49
-2.04,-1.12,1.20
-0.29,0.25,-0.16
-5.72,-0.09,-1.93
-9.93,-0.68,-2.44
-11.01,-0.96,-2.36
-10.59,-1.06,-2.29
-9.93,-1.11,-2.08
-9.43,-1.19,-1.67
-8.80,-1.18,-2.19
-8.05,-1.18,-2.83
-8.42,-1.24,-2.62
-9.59,-1.40,-2.35
-10.66,-1.58,-2.54
-22.86,-6.46,-7.27
-35.34,-11.12,-6.78
-48.58,-16.79,-5.23
-50.78,-23.60,-5.34
-35.87,-28.48,-6.12
-12.90,-26.78,-7.00
11.58,-18.38,-1.21
27.62,-5.97,0.48
31.18,3.76,-0.30
29.59,8.34,-0.49
21.92,8.83,-0.11
11.48,7.44,0.15
5.64,6.56,0.14
5.35,6.70,1.11
6.97,7.44,2.38
7.44,8.22,2.46
8.17,8.92,2.07
9.27,8.92,2.80
10.02,8.39,3.61
11.30,7.07,4.16
12.14,4.96,4.12
11.78,1.35,1.78
11.17,-3.31,-1.22
9.95,-10.21,-5.98
-0.40,-18.79,-12.31
-15.63,-23.11,-10.66
-30.05,-23.99,-4.27
-47.76,-20.44,0.10
-49.79,-13.85,-0.29
-34.81,-9.29,-1.19
-18.04,-5.03,-0.76
-4.02,-1.85,-1.22
0.50,-0.28,-1.19
-2.52,-0.12,-1.32
-7.14,-0.70,-2.11
-10.64,-1.16,-2.95
-12.74,-1.56,-2.59
-13.28,-1.70,-2.09
-11.82,-1.54,-2.11
-9.24,-1.17,-1.94
-26.31,-6.14,-6.16
-41.56,-12.56,-8.12
-53.15,-20.50,-7.84
-49.80,-28.00,-7.84
-37.05,-31.53,-7.57
-10.52,-30.50,0.96
17.51,-20.01,8.55
35.05,-5.64,3.84
42.95,3.95,2.97
40.04,7.25,0.92
28.55,6.40,-0.47
15.49,4.00,-0.17
10.21,3.54,2.24
11.84,4.96,4.55
15.17,6.90,5.31
19.00,7.83,6.52
21.96,6.28,5.48
23.53,0.67,3.42
20.50,-9.05,-0.98
7.96,-21.95,-6.78
-22.76,-31.77,-10.52
-59.94,-32.96,-8.75
-75.50,-24.15,-8.92
-50.01,-13.70,-3.98
-18.01,-3.58,-0.02
3.03,3.26,0.57
5.83,4.24,0.11
-1.75,2.28,-1.27
-8.78,0.42,-2.34
-12.77,-0.67,-3.17
-13.07,-0.93,-3.28
-10.94,-0.53,-2.66
-8.39,0.19,-1.72
-6.33,0.63,-1.20
-5.56,0.51,-1.29
-6.53,-0.16,-1.80
-9.28,-1.09,-2.99
-11.78,-1.77,-4.36
-12.92,-1.92,-4.56
-12.27,-1.69,-3.58
-31.88,-9.98,-7.16
-46.74,-16.18,-12.29
-49.63,-22.76,-10.36
-41.21,-26.66,-7.07
-27.49,-27.81,-5.18
-7.60,-24.72,-5.87
12.23,-17.65,0.12
27.61,-6.45,-1.14
32.39,1.92,1.18
32.18,6.37,3.79
28.23,8.39,3.39
19.76,7.36,4.58
10.63,6.10,4.62
7.12,6.09,4.57
6.55,6.97,4.14
5.95,7.99,3.29
5.37,8.20,2.92
6.82,7.61,3.35
8.34,5.82,2.62
9.46,2.88,0.04
10.15,-1.76,-2.77
6.15,-9.60,-5.42
-7.02,-16.78,-7.94
-20.30,-20.82,-6.82
-32.54,-20.23,-5.59
-41.40,-15.77,-5.01
-37.60,-11.57,-3.48
-26.65,-6.98,0.61
-14.09,-3.29,1.48
-5.89,-1.29,0.48
-3.79,-0.79,-0.94
-6.08,-1.18,-2.44
-8.37,-1.55,-3.21
-10.19,-1.97,-3.74
-11.93,-2.33,-2.30
-12.49,-2.43,-0.85
-11.57,-2.37,-0.33
-9.69,-2.18,-1.12
-8.31,-2.00,-2.48
-7.68,-1.94,-3.74
-21.51,-6.56,-5.72
-35.22,-11.71,-8.84
-49.24,-19.03,-13.07
-50.98,-26.46,-11.06
-38.21,-33.13,-6.72
-12.00,-32.23,-4.52
18.85,-21.20,0.70
26.25,-7.20,9.89
30.04,2.03,9.50
31.15,8.83,2.45
25.24,9.05,-2.59
14.52,6.98,-2.31
7.58,5.69,0.83
8.38,6.34,4.02
13.29,7.80,5.42
16.46,8.95,5.46
17.13,8.79,5.11
16.22,7.46,3.52
17.01,4.73,3.42
15.16,-0.71,1.99
7.57,-8.20,-0.21
-3.52,-16.24,-2.55
-19.55,-21.38,-6.90
-28.14,-21.35,-8.75
-29.88,-17.12,-7.24
-27.33,-13.09,-2.77
-26.11,-10.07,-1.99
-24.97,-7.64,-0.14
-21.86,-5.94,2.07
-16.59,-4.99,1.59
-11.30,-3.99,-1.39
-9.00,-3.25,-3.34
-8.57,-2.61,-3.83
-9.00,-2.34,-2.67
-9.77,-2.17,-1.81
-10.29,-1.95,-0.82
-10.34,-2.06,-0.21
-9.54,-2.03,-1.06
-8.92,-2.06,-2.27
-8.50,-1.93,-2.43
-20.86,-6.31,-6.56
-36.41,-13.04,-11.46
-58.56,-23.52,-16.13
-65.73,-34.51,-10.55
-47.61,-43.72,-3.96
-14.09,-41.83,1.31
19.42,-27.59,8.25
39.00,-9.16,4.86
52.25,4.39,5.47
51.66,8.56,3.51
28.13,5.49,1.27
10.08,2.59,0.39
4.97,2.89,2.35
8.12,4.92,4.18
10.68,6.90,4.32
10.50,8.31,3.22
10.05,8.71,3.06
8.15,7.94,2.32
7.77,5.69,1.25
7.41,2.37,-0.63
7.13,-1.36,-2.07
8.12,-6.34,-2.93
4.53,-13.42,-3.64
-9.01,-21.10,-8.63
-29.41,-24.21,-9.55
-47.38,-22.35,-7.67
-52.55,-15.98,-4.87
-34.92,-8.83,-0.91
-13.30,-2.60,1.48
0.45,1.24,2.55
0.03,1.25,-0.89
-6.17,-0.89,-3.99
-11.80,-2.53,-4.73
-13.92,-2.80,-3.49
-12.77,-2.43,-2.25
-11.19,-1.97,-1.68
-9.74,-1.54,-1.41
-8.03,-1.22,-2.19
-7.02,-1.09,-2.85
-6.87,-1.09,-3.05
-30.74,-10.10,-4.90
-59.27,-21.06,-10.21
-72.52,-33.46,-10.00
-52.59,-43.93,-7.22
-20.03,-45.15,-5.30
16.08,-32.70,-0.57
43.74,-12.96,2.83
52.94,2.08,8.79
48.41,8.71,8.75
30.18,6.76,3.66
12.46,3.42,1.06
5.36,3.41,0.16
8.02,5.51,1.83
10.15,7.78,2.87
7.56,8.88,2.31
5.37,9.42,1.39
7.57,9.17,1.53
9.59,7.30,1.66
8.88,4.14,0.95
9.35,0.06,-0.14
5.83,-5.35,0.44
0.48,-10.87,-0.87
-7.07,-17.01,-2.97
-22.34,-21.92,-5.29
-44.09,-21.56,-6.09
-53.45,-15.45,-4.48
-40.07,-9.52,-2.09
-22.02,-3.71,1.02
-7.08,0.70,1.76
0.06,2.53,0.34
-0.26,1.97,-1.44
-4.75,0.40,-2.85
-9.81,-0.85,-3.62
-12.37,-1.24,-3.61
-11.63,-0.87,-2.36
-9.78,-0.24,-1.16
-8.02,0.31,-0.53
-6.88,0.42,-1.05
-6.90,0.05,-2.13
-8.06,-0.62,-3.07
-22.73,-6.98,-3.12
-30.89,-9.95,-4.88
-39.04,-13.96,-6.13
-39.58,-18.70,-5.41
-35.49,-24.54,-3.56
-26.81,-28.61,-0.89
-10.56,-28.88,2.52
13.74,-21.03,2.15
34.13,-6.81,-0.01
44.32,8.39,1.38
42.21,13.69,-0.90
25.61,11.39,-4.44
8.33,7.30,-4.17
-1.36,5.04,-2.38
-3.88,5.14,0.20
-3.70,6.58,1.52
-1.01,8.45,3.03
1.80,10.24,3.84
3.73,11.34,3.63
5.67,11.53,3.17
7.20,10.45,3.05
6.93,8.15,2.16
5.27,5.52,0.32
3.44,2.34,-0.72
1.35,-0.01,-1.49
-0.21,-3.11,-1.75
-1.52,-5.67,-3.67
-3.49,-8.59,-4.95
-7.87,-11.24,-4.58
-15.90,-12.81,-2.46
-24.73,-12.61,-1.49
-28.66,-10.76,-1.58
-27.35,-8.38,-0.69
-22.53,-6.58,-0.08
-17.46,-5.07,0.38
-13.26,-4.02,0.28
-10.16,-3.11,0.17
-9.64,-2.51,0.16
-9.64,-2.13,0.28
-9.81,-1.88,-0.36
-26.33,-6.71,-3.70
-38.32,-10.51,-3.68
-42.13,-15.82,-1.47
-33.97,-21.16,0.48
-20.90,-23.42,-1.73
-3.08,-19.65,-3.59
21.70,-9.95,-3.20
31.71,2.73,-5.57
30.39,10.86,-5.04
24.16,12.44,-2.75
12.87,10.49,-0.93
2.11,7.77,-0.74
-3.55,6.23,0.23
-4.26,6.21,0.65
-1.99,7.22,0.81
1.16,8.39,1.15
4.13,9.44,1.36
6.35,9.81,1.03
7.34,9.02,0.63
8.03,7.55,-0.15
6.51,5.19,-0.62
4.71,2.74,0.13
4.16,-0.06,1.23
2.97,-4.02,0.80
-2.34,-9.45,-0.91
-13.16,-12.83,-2.32
-25.73,-14.24,-2.48
-35.13,-11.88,-5.43
-33.79,-8.87,-6.24
-25.78,-6.11,-3.33
-18.37,-4.67,-1.73
-15.40,-3.45,-1.75
-14.19,-2.39,-1.13
-11.48,-1.67,-1.61
-9.09,-1.20,-1.76
-6.92,-0.66,-1.68
-5.81,-0.28,-1.79
-6.71,-0.27,-1.30
-8.04,-0.46,-1.15
-8.72,-0.59,-1.70
-32.38,-8.13,-4.63
-48.53,-14.86,-8.52
-57.59,-24.39,-12.44
-46.07,-30.81,-15.67
-17.41,-30.45,-13.69
14.59,-20.72,-4.00
40.55,-3.31,-2.36
56.70,10.44,2.29
40.09,11.14,3.25
15.02,4.71,-2.85
4.33,2.23,-4.51
2.41,3.09,-2.09
3.22,4.66,1.63
4.63,6.33,4.43
4.54,7.43,5.20
3.36,7.74,3.85
3.72,7.51,1.51
5.15,6.01,-1.17
5.91,3.35,-4.02
3.76,-0.90,-7.48
0.07,-5.01,-9.34
-1.91,-8.64,-7.73
-3.68,-11.63,-5.50
-7.43,-13.92,-5.78
-15.74,-14.73,-4.87
-25.52,-14.41,-2.40
-35.44,-13.37,-0.63
-41.64,-11.56,-0.97
-36.63,-9.65,-4.60
-24.76,-7.77,-5.17
-11.95,-5.32,-3.85
-3.29,-2.78,-2.16
-0.05,-1.18,-1.27
-1.85,-0.62,-0.83
-5.75,-0.73,-1.19
-8.63,-1.05,-1.61
-10.09,-1.44,-2.04
-10.32,-1.58,-3.08
-9.42,-1.59,-3.79
-7.85,-1.51,-3.47
-26.27,-7.90,-6.73
-45.85,-14.73,-11.60
-59.47,-24.92,-8.88
-47.84,-31.23,-3.96
-20.85,-29.61,-6.81
4.77,-19.90,-8.11
16.64,-8.02,-11.48
30.72,2.41,-13.10
32.85,8.29,-6.57
21.41,9.75,-2.66
13.51,4.87,2.79
9.02,2.95,4.57
6.81,3.21,4.29
7.22,4.40,3.11
7.32,5.28,3.52
7.63,6.23,4.40
7.91,7.08,4.37
7.98,7.49,3.75
8.39,7.25,2.18
9.83,6.23,0.26
10.67,4.32,-3.54
7.67,0.23,-7.60
3.85,-3.40,-9.73
2.10,-7.97,-8.85
0.17,-12.04,-6.73
-3.58,-14.93,-5.79
-10.40,-17.28,-5.82
-21.06,-18.11,-5.72
-34.78,-16.75,-5.14
-43.14,-13.10,-5.42
-40.87,-9.67,-8.20
-27.64,-7.19,-4.28
-13.06,-4.53,-0.14
-3.05,-2.05,1.71
-0.62,-0.90,0.90
-4.60,-1.28,-1.20
-9.31,-2.23,-2.91
-12.81,-2.87,-4.32
-13.94,-3.09,-5.35
-13.08,-3.03,-5.29
-21.66,-7.00,-9.18
-37.32,-11.19,-12.72
-55.17,-19.59,-14.53
-53.67,-29.42,-3.42
-34.00,-35.69,2.53
-13.69,-33.38,-6.34
13.62,-26.35,-8.58
42.91,-7.21,-12.96
68.12,15.88,-17.73
45.40,15.03,-9.12
12.55,5.39,0.47
-3.46,2.21,4.59
-1.83,2.74,5.45
0.59,5.59,4.63
0.83,6.90,2.76
0.57,7.07,1.51
0.65,6.42,0.45
1.14,4.99,-0.38
1.38,2.73,-2.11
-0.09,0.80,-5.18
-5.33,-1.80,-8.87
-9.58,-3.37,-10.26
-10.89,-3.53,-9.31
-10.59,-3.61,-7.71
-10.75,-4.08,-3.46
-12.32,-4.84,-0.26
-15.11,-5.34,1.13
-16.76,-5.20,0.84
-16.62,-5.28,-0.31
-17.93,-5.35,-2.62
-19.17,-4.96,-4.04
-18.22,-3.42,-6.11
-14.66,-2.90,-5.85
-11.18,-2.45,-4.87
-9.90,-2.27,-3.50
-9.22,-2.28,-2.65
-8.68,-2.36,-2.85
-8.23,-2.49,-3.16
-7.54,-2.46,-3.54
-7.14,-2.45,-2.90
-26.61,-7.05,-2.73
-38.63,-11.15,-3.48
-47.17,-18.68,-1.97
-45.10,-28.86,-3.09
-33.74,-38.20,-6.84
-18.73,-40.12,-13.34
4.60,-35.24,-15.60
33.76,-19.64,-8.95
59.30,2.63,-9.99
60.35,15.03,-1.81
33.44,11.91,4.52
8.95,6.17,4.19
-2.24,3.68,-1.69
-3.89,4.01,-3.73
-2.04,5.93,-1.92
-1.16,7.77,-0.50
-1.26,9.16,0.04
-0.92,9.87,0.54
0.48,9.37,0.65
1.83,8.17,0.20
1.45,6.02,-0.15
0.03,3.76,-1.02
-0.46,1.59,-3.22
-1.00,-0.95,-4.18
-2.37,-3.83,-4.25
-4.66,-6.31,-4.83
-8.19,-8.47,-4.48
-12.73,-9.95,-4.00
-18.85,-10.55,-2.68
-24.89,-9.78,-1.36
-28.89,-8.19,-1.02
-27.72,-6.18,-1.78
-21.97,-4.79,-2.05
-15.29,-3.64,-1.89
-10.77,-2.32,-2.10
-7.94,-1.37,-2.09
-6.53,-0.78,-2.05
-6.44,-0.56,-1.99
-6.98,-0.65,-1.47
-7.79,-0.86,-1.44
-28.08,-8.36,-2.72
-54.17,-13.72,-5.54
-68.30,-24.33,1.07
-51.16,-42.77,5.04
-24.57,-49.00,-3.02
-0.43,-40.11,-8.90
32.58,-19.63,-5.49
46.45,2.42,-6.58
48.24,12.96,-5.97
38.77,13.33,-0.53
17.28,7.93,-0.83
-0.44,3.96,-2.53
-3.83,3.62,-1.44
-0.38,5.56,-0.11
3.33,7.75,0.29
5.46,9.50,0.90
6.50,10.10,2.25
6.65,9.53,2.05
6.89,8.05,0.73
4.87,5.35,-1.12
1.25,2.40,-2.86
-1.51,0.26,-3.91
-1.69,-2.09,-4.59
-2.17,-4.86,-5.05
-4.69,-7.83,-4.46
-7.92,-9.87,-3.86
-11.66,-11.03,-3.76
-15.17,-11.76,-3.44
-19.31,-11.69,-2.83
-23.77,-10.40,-2.61
-25.74,-8.61,-2.75
-24.82,-7.18,-2.84
-21.72,-6.25,-3.29
-17.74,-5.66,-4.13
-14.53,-5.00,-4.47
-11.78,-4.26,-4.37
-9.62,-3.51,-4.02
-8.19,-2.83,-3.65
-7.62,-2.32,-3.07
-7.55,-1.98,-2.61
-24.40,-7.70,-4.76
-42.17,-12.59,-7.51
-63.91,-22.87,-10.18
-58.25,-35.50,-9.89
-33.62,-44.75,-4.77
-8.60,-43.18,-0.90
16.69,-33.69,3.63
50.36,-11.79,5.30
70.57,11.79,6.03
50.13,14.69,3.91
22.08,8.21,-2.20
4.73,3.71,-6.01
-1.47,2.66,-6.58
-0.29,3.99,-4.25
2.65,6.14,-1.15
3.72,7.91,1.30
2.92,8.85,2.72
1.13,8.85,3.12
-0.83,7.97,2.36
-3.03,6.34,1.13
-4.51,4.66,-0.03
-4.49,3.30,-1.07
-3.81,1.80,-2.16
-2.84,-0.17,-3.01
-2.30,-2.42,-3.84
-3.42,-5.15,-3.90
-6.35,-7.31,-3.48
-9.54,-9.20,-3.07
-13.54,-10.53,-3.07
-20.17,-10.75,-3.39
-28.41,-9.24,-3.86
-33.93,-7.47,-5.84
-30.53,-6.39,-6.48
-21.89,-5.66,-4.73
-13.51,-3.94,-2.65
-7.80,-2.21,-1.87
-4.55,-0.89,-1.77
-3.81,-0.22,-1.77
-4.32,0.04,-1.61
-5.26,0.04,-1.56
-27.78,-9.17,-6.40
-56.83,-17.70,-13.50
-78.45,-29.82,-14.10
-72.93,-50.15,-0.33
-38.44,-62.64,4.30
2.04,-57.45,4.27
48.99,-34.25,6.60
78.45,5.12,2.41
78.45,16.31,-1.32
36.94,5.43,-6.60
8.53,-1.83,-7.45
-1.13,-1.83,-3.51
0.01,1.54,1.36
3.22,5.80,2.88
5.06,9.33,2.64
5.62,10.92,2.62
5.67,10.16,2.34
4.76,7.75,1.81
3.03,3.93,1.10
0.67,0.18,-0.18
-1.49,-3.12,-1.84
-2.54,-5.96,-3.19
-3.77,-8.84,-4.32
-6.64,-12.28,-5.82
-12.82,-14.80,-5.80
-25.40,-15.32,-6.02
-38.28,-12.64,-7.75
-42.48,-9.05,-6.84
-32.17,-6.92,-4.83
-20.08,-4.55,-3.23
-11.07,-2.26,-2.34
-5.89,-0.57,-1.81
-4.64,0.15,-1.64
-5.97,0.27,-1.36
-7.40,0.30,-1.39
-8.25,0.33,-1.86
-8.69,0.28,-2.47
-8.72,0.22,-3.14
-8.14,0.11,-3.33
-7.88,-0.04,-3.38
-28.52,-9.02,-2.71
-55.62,-17.22,-8.70
-78.45,-30.04,-12.04
-70.03,-48.45,-13.25
-36.64,-64.41,-9.68
5.77,-63.55,-8.28
78.45,-30.57,-2.10
78.45,16.07,11.19
78.45,17.60,12.80
29.05,2.37,4.19
-7.21,-4.81,-1.73
-23.78,-2.17,-3.54
-21.39,2.77,-2.79
-10.94,7.40,-1.27
-2.01,10.64,0.22
1.22,11.70,1.03
0.84,10.50,0.48
-1.11,8.31,-0.20
-3.07,6.12,-0.85
-4.65,4.22,-1.11
-6.26,2.58,-1.64
-6.67,1.40,-2.36
-5.54,0.49,-3.11
-4.36,-0.42,-3.81
-4.30,-2.14,-3.05
-6.01,-3.65,-1.80
-8.51,-5.08,-0.43
-10.64,-6.06,-0.10
-13.20,-6.59,-1.08
-16.96,-6.81,-3.14
-20.64,-6.49,-4.69
-21.26,-5.84,-5.18
-19.02,-4.93,-4.75
-15.70,-4.11,-3.62
-12.67,-3.33,-2.57
-10.50,-2.77,-1.81
-9.03,-2.35,-1.13
-8.33,-2.06,-0.63
-8.53,-1.94,-0.78
-8.85,-1.92,-1.14
-24.09,-8.08,0.90
-53.72,-14.87,4.42
-71.22,-27.14,9.02
-43.36,-41.08,10.82
-31.77,-49.43,-2.77
-11.44,-46.39,-14.73
34.35,-30.24,-16.65
76.27,2.83,-17.76
77.75,19.81,-11.52
46.02,14.04,-3.55
11.09,2.99,-0.01
-16.67,-1.15,-0.50
-31.73,1.05,-1.35
-25.54,4.30,-0.02
-8.02,8.30,1.04
3.38,11.63,-0.19
5.78,12.80,-1.46
4.30,12.04,-1.35
3.46,10.33,-0.24
2.74,8.20,0.33
-0.13,6.25,-1.77
-3.40,4.70,-3.93
-5.31,3.90,-4.81
-5.96,3.50,-5.31
-5.64,3.40,-4.58
-3.91,3.06,-3.65
-2.79,2.28,-2.74
-1.92,1.18,-1.30
-2.14,-0.70,-0.11
-5.40,-2.67,-0.62
-4.31,-4.13,-1.32
-6.76,-6.37,-1.34
-10.53,-7.98,-1.87
-15.00,-8.37,-1.23
-17.82,-8.13,-0.54
-18.98,-7.33,-0.95
-19.08,-6.70,-1.33
-21.20,-5.23,-6.77
-16.66,-5.12,-1.51
-16.90,-4.85,-1.26
-30.90,-11.32,-7.80
-58.67,-16.38,-9.59
-78.45,-38.69,-9.81
-64.78,-59.61,-3.85
-28.02,-67.14,8.14
13.61,-57.92,12.15
74.27,-23.39,5.30
78.45,13.67,9.09
74.13,15.24,-6.17
23.52,2.60,-15.39
-2.10,-1.73,-13.39
-8.11,-1.29,-4.32
-7.40,2.25,0.94
-1.26,7.10,2.82
3.25,10.13,3.45
2.32,10.60,3.17
-0.01,9.20,1.90
-1.43,6.71,-0.53
-2.60,3.89,-1.45
-5.36,1.18,-2.51
-9.27,-0.86,-4.08
-11.80,-1.89,-4.82
-11.25,-2.46,-4.51
-10.74,-2.82,-4.08
-10.62,-2.99,-3.68
-10.01,-3.20,-3.54
-9.87,-3.82,-2.90
-11.25,-4.77,-2.08
-13.63,-5.72,-1.85
-17.66,-6.15,-1.92
-20.39,-5.97,-2.43
-20.05,-5.51,-2.83
-17.22,-4.78,-2.17
-13.79,-3.85,-1.74
-10.66,-2.95,-1.56
-8.58,-2.19,-1.43
-7.52,-1.73,-1.25
-7.14,-1.55,-1.27
-7.11,-1.57,-1.46
-8.02,-1.77,-1.57
-31.09,-10.97,-8.02
-58.88,-18.54,-13.78
-75.26,-38.99,-9.19
-61.71,-58.80,-1.03
-25.35,-66.21,5.18
21.89,-57.17,7.69
78.45,-15.06,-0.58
78.45,26.79,-3.53
78.45,21.95,-3.32
26.71,0.89,-4.90
-9.78,-8.01,-4.29
-23.76,-5.58,-3.03
-20.12,0.44,-1.22
-10.89,5.37,-0.21
-4.13,8.03,0.73
-1.74,8.49,0.01
-2.35,6.93,-0.87
-4.41,4.39,-1.03
-6.08,1.41,-0.19
-7.24,-1.03,0.74
-8.31,-3.01,1.34
-9.75,-4.43,0.59
-11.21,-6.11,0.41
-13.85,-7.25,-0.45
-17.56,-7.35,-3.29
-20.73,-6.89,-6.82
-21.53,-6.54,-9.41
-19.25,-5.77,-9.19
-16.17,-4.69,-7.16
-12.95,-3.69,-4.70
-10.06,-2.82,-2.43
-7.87,-2.09,-0.88
-6.73,-1.59,-0.14
-6.49,-1.40,-0.14
-6.87,-1.48,-0.74
-7.42,-1.58,-1.42
-8.29,-1.74,-2.44
-8.72,-1.88,-3.25
-9.11,-2.03,-3.55
-9.54,-2.07,-3.39
-23.96,-9.76,-6.00
-52.13,-20.07,-13.22
-78.45,-32.60,-15.12
-68.97,-50.41,-5.93
-32.08,-58.26,-1.75
4.44,-53.47,1.09
65.24,-25.78,-3.53
78.45,18.98,-3.20
78.45,21.40,-1.69
34.85,3.74,-7.87
-3.59,-6.15,-8.37
-21.23,-5.40,-5.08
-19.80,-0.12,-0.94
-9.29,6.21,1.27
-1.74,10.24,2.26
1.94,11.75,2.51
3.00,10.67,2.19
2.67,8.24,0.60
1.74,5.21,-1.98
1.19,2.20,-2.86
1.33,-0.86,-2.32
1.08,-4.57,-3.15
-1.60,-8.37,-4.02
-5.03,-12.15,-4.47
-11.20,-15.18,-5.36
-21.14,-16.17,-7.08
-31.03,-15.36,-7.90
-38.21,-13.08,-6.85
-33.62,-10.75,-5.53
-23.72,-8.44,-2.96
-14.60,-6.19,-0.53
-7.62,-4.05,0.51
-4.33,-2.33,0.10
-3.63,-1.28,-1.10
-4.28,-0.85,-2.11
-5.34,-0.88,-2.72
-6.35,-1.07,-3.02
-7.29,-1.36,-2.86
-8.04,-1.60,-2.70
-8.39,-1.70,-2.34
-26.74,-9.76,-3.09
-48.60,-18.64,-6.72
-69.59,-28.29,-12.40
-58.50,-40.78,-7.68
-27.09,-46.38,-4.39
1.71,-40.16,0.43
33.67,-20.08,-1.83
64.29,4.52,1.51
64.12,16.93,-0.53
38.30,12.68,-8.77
14.53,5.04,-10.91
1.82,1.79,-9.46
-0.92,2.55,-4.92
0.60,4.90,-0.67
3.15,7.86,1.88
5.50,9.60,2.21
5.00,9.23,1.33
2.71,6.92,0.80
0.18,3.99,0.91
-0.41,1.16,1.33
-0.61,-1.61,1.24
0.35,-4.97,0.28
-0.01,-8.53,-1.55
-3.32,-12.14,-2.88
-8.07,-15.42,-4.31
-15.57,-16.95,-6.59
-24.94,-17.30,-9.63
-32.83,-15.08,-12.94
-32.77,-12.47,-11.18
-26.97,-10.44,-4.46
-20.03,-8.30,1.36
-14.52,-6.38,3.80
-10.93,-4.91,3.00
-8.75,-3.77,0.61
-7.92,-3.09,-1.91
-7.88,-2.66,-4.02
-7.71,-2.30,-4.90
-7.35,-2.05,-4.64
-7.07,-1.97,-3.64
-7.09,-1.99,-2.33
-38.54,-18.29,-7.59
-78.45,-28.40,-20.83
-78.45,-46.98,-14.29
-58.91,-64.84,-7.70
-15.90,-66.49,2.26
32.09,-51.46,-0.54
78.45,-11.52,-10.36
78.45,19.46,-13.87
65.13,11.54,-10.07
26.37,-0.04,-7.33
4.72,-3.96,-4.06
-6.41,-2.24,-0.40
-6.38,2.53,1.52
-2.15,5.91,0.61
-0.44,6.40,-0.79
-0.91,4.98,-2.32
-1.44,2.69,-3.68
-0.60,-0.03,-3.22
0.57,-2.86,-4.04
0.62,-6.24,-5.32
-1.59,-9.81,-5.10
-7.27,-13.36,-5.53
-15.98,-15.19,-6.04
-24.56,-15.11,-5.35
-31.13,-13.33,-4.06
-32.85,-11.24,-3.05
-30.92,-9.33,-3.34
-24.26,-7.70,-3.79
-16.43,-5.70,-3.51
-11.59,-3.94,-4.01
-9.09,-2.55,-4.01
-7.29,-1.63,-3.51
-6.39,-1.14,-2.67
-6.05,-0.85,-1.53
-6.18,-0.77,-1.10
-6.56,-0.83,-1.24
-7.27,-1.04,-1.84
-7.74,-1.29,-2.52
-7.59,-1.43,-3.14
-7.18,-1.71,-3.59
-29.44,-12.72,-8.16
-59.16,-20.79,-19.43
-78.45,-38.45,-14.01
-64.95,-57.78,-5.22
-25.67,-64.19,-1.75
15.10,-48.47,0.33
70.16,-17.38,-4.98
78.45,20.08,-20.41
71.24,22.55,-7.06
33.55,8.90,-2.12
7.30,-0.05,-2.55
-7.24,-1.76,-1.06
-6.55,1.84,-0.59
-1.16,5.93,-0.82
1.32,8.22,0.16
1.42,8.10,0.38
-0.08,6.29,-0.55
-2.34,3.27,-2.55
-2.35,0.84,-4.59
-1.19,-1.15,-5.44
-0.30,-3.56,-5.78
-1.47,-6.27,-6.00
-4.65,-8.67,-5.54
-7.64,-10.11,-3.92
-10.67,-11.42,-1.89
-16.29,-12.79,-0.45
-23.31,-12.79,0.74
-29.04,-12.18,-0.61
-27.68,-10.27,-4.27
-21.81,-8.93,-7.12
-16.17,-7.62,-8.37
-11.97,-6.39,-8.05
-9.94,-5.25,-6.62
-9.62,-4.41,-4.99
-10.02,-3.77,-3.63
-10.11,-3.32,-2.70
-9.62,-2.86,-2.20
-8.86,-2.43,-1.76
-8.15,-2.10,-1.39
-7.66,-1.94,-1.73
-27.33,-10.55,-6.68
-51.94,-20.28,-11.84
-67.12,-32.69,-10.68
-50.99,-43.91,-4.71
-27.85,-48.74,-2.42
0.52,-39.64,-4.42
37.83,-20.95,-2.95
70.78,9.33,-9.93
65.52,21.20,-8.14
35.67,14.72,-1.90
13.91,6.91,-1.81
0.65,2.27,-2.08
-2.99,2.59,-1.17
0.51,5.53,0.70
5.30,8.60,1.81
8.71,9.97,2.18
9.80,8.47,1.98
7.06,4.64,0.06
2.47,0.04,-2.23
-1.46,-3.43,-4.96
-1.25,-5.84,-6.51
-0.52,-9.00,-7.59
-2.88,-12.33,-7.93
-7.21,-14.67,-7.75
-13.64,-16.54,-6.73
-23.39,-17.26,-6.48
-34.31,-16.56,-5.78
-37.98,-13.90,-5.62
-30.21,-11.99,-5.38
-20.67,-9.54,-3.74
-12.84,-6.83,-2.96
-8.49,-4.60,-2.77
-6.79,-3.04,-3.00
-7.18,-2.22,-3.56
-8.05,-1.86,-3.36
-8.27,-1.70,-2.72
-8.17,-1.67,-2.27
-7.98,-1.70,-2.32
-7.86,-1.76,-2.79
-7.55,-1.81,-3.09
-23.34,-8.52,-5.91
-36.90,-14.45,-9.12
-48.11,-22.97,-10.27
-48.20,-31.36,-7.22
-30.06,-35.33,-5.64
-5.26,-31.61,-5.94
21.84,-16.66,-7.52
47.50,3.12,-6.43
54.76,17.04,-5.37
42.25,16.88,1.62
21.89,9.67,2.48
4.98,4.33,0.29
-5.55,1.96,-1.01
-7.74,3.38,-0.47
-4.20,5.99,0.82
-0.85,7.71,1.56
1.08,8.08,2.18
2.61,7.25,1.57
2.94,4.26,0.06
0.75,0.41,-1.95
-2.04,-3.40,-4.16
-3.32,-6.20,-5.11
-5.39,-9.19,-5.50
-10.10,-11.66,-5.44
-18.41,-13.45,-5.11
-27.46,-13.54,-5.44
-32.10,-12.44,-6.54
-30.93,-10.51,-9.17
-24.84,-8.68,-9.05
-17.50,-6.42,-6.07
-11.72,-4.37,-3.31
-7.44,-2.28,-1.65
-5.49,-0.92,-0.66
-4.41,-0.26,-0.88
-4.31,-0.09,-1.70
-5.09,-0.20,-2.86
-5.74,-0.44,-3.40
-6.82,-0.83,-3.46
-7.87,-1.22,-3.36
-8.71,-1.55,-3.30
-25.28,-9.31,-6.38
-41.91,-16.46,-9.27
-49.24,-23.87,-11.51
-42.20,-28.59,-10.24
-31.06,-30.70,-6.16
-11.54,-29.55,-2.62
14.42,-18.98,-3.71
36.55,-2.61,-6.05
48.67,11.97,-6.32
41.46,15.27,-0.03
22.80,11.14,4.42
8.03,6.74,4.90
-1.35,4.34,4.13
-4.29,4.39,2.76
-1.20,6.33,1.52
2.91,8.53,1.56
5.95,10.02,2.69
7.55,10.32,3.59
8.43,9.14,3.03
9.11,6.78,0.53
8.23,3.06,-2.73
6.72,-1.52,-5.43
4.25,-6.12,-6.76
-0.69,-10.26,-7.06
-6.55,-13.17,-7.01
-11.34,-15.04,-7.18
-18.62,-16.86,-5.56
-31.65,-16.55,-4.77
-40.39,-13.50,-6.52
-36.12,-10.83,-6.84
-26.29,-8.90,-4.79
-17.50,-6.45,-4.45
-11.86,-4.18,-3.79
-8.32,-2.26,-3.34
-6.96,-0.92,-3.56
-6.63,-0.14,-3.44
-6.50,0.28,-3.09
-6.47,0.37,-2.55
-6.77,0.23,-2.13
-7.35,0.11,-1.82
-27.80,-9.76,-5.56
-58.88,-19.37,-13.85
-78.45,-31.17,-10.91
-63.16,-44.54,-5.79
-32.11,-49.16,-0.29
8.35,-37.62,4.17
47.81,-13.10,6.17
78.04,2.42,7.22
72.03,9.25,4.99
31.81,3.77,-0.30
10.69,0.16,-2.59
2.26,0.60,-0.58
1.68,3.34,1.02
6.09,6.70,1.27
8.97,8.26,1.38
7.60,7.34,1.13
3.89,4.60,0.32
0.00,1.56,-1.83
-1.91,-1.61,-2.22
-3.71,-5.32,-2.20
-8.39,-7.99,-3.35
-11.59,-9.69,-4.28
-14.03,-10.67,-3.57
-18.12,-11.16,-4.42
-22.34,-11.27,-6.63
-26.95,-10.26,-7.57
-30.69,-8.57,-6.99
-28.30,-7.11,-4.18
-22.48,-5.45,-1.65
-16.45,-3.74,-0.80
-12.20,-2.38,-1.38
-9.47,-1.32,-2.20
-7.96,-0.61,-2.88
-7.14,-0.21,-3.22
-6.75,-0.11,-3.07
-6.51,-0.07,-2.85
-6.97,-0.07,-2.84
-7.63,-0.16,-2.53
-8.24,-0.22,-2.38
-8.46,-0.29,-2.53
-30.92,-8.85,-3.33
-47.30,-13.88,-7.23
-61.33,-21.61,-8.20
-57.20,-31.51,-6.87
-35.11,-40.10,-7.12
-11.88,-39.95,-7.82
23.13,-27.89,-5.60
57.12,-5.93,-2.94
69.47,13.04,0.65
50.65,13.68,6.01
23.09,6.96,4.21
3.55,2.40,1.63
-3.66,2.19,-0.30
-0.64,4.86,-1.73
4.71,8.48,-1.62
8.54,10.87,-0.39
9.72,10.69,0.60
8.52,8.06,1.47
6.13,4.20,1.33
4.23,-0.60,0.76
1.34,-6.28,-1.23
-4.35,-11.06,-3.97
-12.04,-13.88,-5.50
-19.46,-14.83,-6.74
-27.86,-13.86,-8.38
-34.62,-11.70,-8.82
-36.35,-9.40,-8.73
-31.00,-7.08,-6.41
-21.87,-4.62,-3.10
-13.57,-2.31,-1.20
-7.81,-0.64,-0.77
-5.09,0.33,-1.47
-4.79,0.67,-2.20
-5.50,0.63,-2.82
-6.42,0.46,-3.11
-7.26,0.35,-3.14
-7.89,0.21,-3.00
-8.18,0.25,-2.74
-8.07,0.21,-2.53
-7.80,0.20,-2.36
